"PERIODE","TYPE_VOD","TYPE_FILM","ORIGIN","GENRE","UNIT","VALUE","STATUS"
"2019","EST","all","all","all","film","20928","A"
"2019","EST","all","all","all","view","1280061","A"
"2019","EST","all","all","ani","film","965","A"
"2019","EST","all","all","ani","view","209612","A"
"2019","EST","all","all","doc","film","1514","A"
"2019","EST","all","all","doc","view","20111","A"
"2019","EST","all","all","fic","film","18449","A"
"2019","EST","all","all","fic","view","1050338","A"
"2019","EST","all","och","all","film","430","A"
"2019","EST","all","och","all","view","10624","A"
"2019","EST","all","och","ani","film","2","A"
"2019","EST","all","och","ani","view","87","A"
"2019","EST","all","och","doc","film","149","A"
"2019","EST","all","och","doc","view","2057","A"
"2019","EST","all","och","fic","film","279","A"
"2019","EST","all","och","fic","view","8480","A"
"2019","EST","all","oep","all","film","7582","A"
"2019","EST","all","oep","all","view","193386","A"
"2019","EST","all","oep","ani","film","261","A"
"2019","EST","all","oep","ani","view","18040","A"
"2019","EST","all","oep","doc","film","696","A"
"2019","EST","all","oep","doc","view","8855","A"
"2019","EST","all","oep","fic","film","6625","A"
"2019","EST","all","oep","fic","view","166491","A"
"2019","EST","all","oot","all","film","2415","A"
"2019","EST","all","oot","all","view","42454","A"
"2019","EST","all","oot","ani","film","177","A"
"2019","EST","all","oot","ani","view","4787","A"
"2019","EST","all","oot","doc","film","114","A"
"2019","EST","all","oot","doc","view","953","A"
"2019","EST","all","oot","fic","film","2124","A"
"2019","EST","all","oot","fic","view","36714","A"
"2019","EST","all","ous","all","film","10501","A"
"2019","EST","all","ous","all","view","1033597","A"
"2019","EST","all","ous","ani","film","525","A"
"2019","EST","all","ous","ani","view","186698","A"
"2019","EST","all","ous","doc","film","555","A"
"2019","EST","all","ous","doc","view","8246","A"
"2019","EST","all","ous","fic","film","9421","A"
"2019","EST","all","ous","fic","view","838653","A"
"2019","EST","cin","all","all","film","7180","A"
"2019","EST","cin","all","all","view","1085229","A"
"2019","EST","cin","all","ani","film","420","A"
"2019","EST","cin","all","ani","view","185933","A"
"2019","EST","cin","all","doc","film","435","A"
"2019","EST","cin","all","doc","view","10677","A"
"2019","EST","cin","all","fic","film","6325","A"
"2019","EST","cin","all","fic","view","888619","A"
"2019","EST","cin","och","all","film","327","A"
"2019","EST","cin","och","all","view","9692","A"
"2019","EST","cin","och","ani","film","2","A"
"2019","EST","cin","och","ani","view","87","A"
"2019","EST","cin","och","doc","film","141","A"
"2019","EST","cin","och","doc","view","2031","A"
"2019","EST","cin","och","fic","film","184","A"
"2019","EST","cin","och","fic","view","7574","A"
"2019","EST","cin","oep","all","film","2991","A"
"2019","EST","cin","oep","all","view","148206","A"
"2019","EST","cin","oep","ani","film","152","A"
"2019","EST","cin","oep","ani","view","15728","A"
"2019","EST","cin","oep","doc","film","198","A"
"2019","EST","cin","oep","doc","view","4350","A"
"2019","EST","cin","oep","fic","film","2641","A"
"2019","EST","cin","oep","fic","view","128128","A"
"2019","EST","cin","oot","all","film","332","A"
"2019","EST","cin","oot","all","view","15098","A"
"2019","EST","cin","oot","ani","film","36","A"
"2019","EST","cin","oot","ani","view","2036","A"
"2019","EST","cin","oot","doc","film","8","A"
"2019","EST","cin","oot","doc","view","127","A"
"2019","EST","cin","oot","fic","film","288","A"
"2019","EST","cin","oot","fic","view","12935","A"
"2019","EST","cin","ous","all","film","3530","A"
"2019","EST","cin","ous","all","view","912233","A"
"2019","EST","cin","ous","ani","film","230","A"
"2019","EST","cin","ous","ani","view","168082","A"
"2019","EST","cin","ous","doc","film","88","A"
"2019","EST","cin","ous","doc","view","4169","A"
"2019","EST","cin","ous","fic","film","3212","A"
"2019","EST","cin","ous","fic","view","739982","A"
"2019","SVOD","all","all","all","film","9439","A"
"2019","SVOD","all","all","all","view",".","D"
"2019","SVOD","all","all","ani","film","397","A"
"2019","SVOD","all","all","ani","view",".","D"
"2019","SVOD","all","all","doc","film","837","A"
"2019","SVOD","all","all","doc","view",".","D"
"2019","SVOD","all","all","fic","film","8205","A"
"2019","SVOD","all","all","fic","view",".","D"
"2019","SVOD","all","och","all","film","432","A"
"2019","SVOD","all","och","all","view",".","D"
"2019","SVOD","all","och","ani","film","2","A"
"2019","SVOD","all","och","ani","view",".","D"
"2019","SVOD","all","och","doc","film","212","A"
"2019","SVOD","all","och","doc","view",".","D"
"2019","SVOD","all","och","fic","film","218","A"
"2019","SVOD","all","och","fic","view",".","D"
"2019","SVOD","all","oep","all","film","2740","A"
"2019","SVOD","all","oep","all","view",".","D"
"2019","SVOD","all","oep","ani","film","76","A"
"2019","SVOD","all","oep","ani","view",".","D"
"2019","SVOD","all","oep","doc","film","219","A"
"2019","SVOD","all","oep","doc","view",".","D"
"2019","SVOD","all","oep","fic","film","2445","A"
"2019","SVOD","all","oep","fic","view",".","D"
"2019","SVOD","all","oot","all","film","1871","A"
"2019","SVOD","all","oot","all","view",".","D"
"2019","SVOD","all","oot","ani","film","115","A"
"2019","SVOD","all","oot","ani","view",".","D"
"2019","SVOD","all","oot","doc","film","100","A"
"2019","SVOD","all","oot","doc","view",".","D"
"2019","SVOD","all","oot","fic","film","1656","A"
"2019","SVOD","all","oot","fic","view",".","D"
"2019","SVOD","all","ous","all","film","4396","A"
"2019","SVOD","all","ous","all","view",".","D"
"2019","SVOD","all","ous","ani","film","204","A"
"2019","SVOD","all","ous","ani","view",".","D"
"2019","SVOD","all","ous","doc","film","306","A"
"2019","SVOD","all","ous","doc","view",".","D"
"2019","SVOD","all","ous","fic","film","3886","A"
"2019","SVOD","all","ous","fic","view",".","D"
"2019","SVOD","cin","all","all","film","3649","A"
"2019","SVOD","cin","all","all","view",".","D"
"2019","SVOD","cin","all","ani","film","217","A"
"2019","SVOD","cin","all","ani","view",".","D"
"2019","SVOD","cin","all","doc","film","265","A"
"2019","SVOD","cin","all","doc","view",".","D"
"2019","SVOD","cin","all","fic","film","3167","A"
"2019","SVOD","cin","all","fic","view",".","D"
"2019","SVOD","cin","och","all","film","347","A"
"2019","SVOD","cin","och","all","view",".","D"
"2019","SVOD","cin","och","ani","film","2","A"
"2019","SVOD","cin","och","ani","view",".","D"
"2019","SVOD","cin","och","doc","film","183","A"
"2019","SVOD","cin","och","doc","view",".","D"
"2019","SVOD","cin","och","fic","film","162","A"
"2019","SVOD","cin","och","fic","view",".","D"
"2019","SVOD","cin","oep","all","film","1103","A"
"2019","SVOD","cin","oep","all","view",".","D"
"2019","SVOD","cin","oep","ani","film","51","A"
"2019","SVOD","cin","oep","ani","view",".","D"
"2019","SVOD","cin","oep","doc","film","42","A"
"2019","SVOD","cin","oep","doc","view",".","D"
"2019","SVOD","cin","oep","fic","film","1010","A"
"2019","SVOD","cin","oep","fic","view",".","D"
"2019","SVOD","cin","oot","all","film","308","A"
"2019","SVOD","cin","oot","all","view",".","D"
"2019","SVOD","cin","oot","ani","film","19","A"
"2019","SVOD","cin","oot","ani","view",".","D"
"2019","SVOD","cin","oot","doc","film","12","A"
"2019","SVOD","cin","oot","doc","view",".","D"
"2019","SVOD","cin","oot","fic","film","277","A"
"2019","SVOD","cin","oot","fic","view",".","D"
"2019","SVOD","cin","ous","all","film","1891","A"
"2019","SVOD","cin","ous","all","view",".","D"
"2019","SVOD","cin","ous","ani","film","145","A"
"2019","SVOD","cin","ous","ani","view",".","D"
"2019","SVOD","cin","ous","doc","film","28","A"
"2019","SVOD","cin","ous","doc","view",".","D"
"2019","SVOD","cin","ous","fic","film","1718","A"
"2019","SVOD","cin","ous","fic","view",".","D"
"2019","TVOD","all","all","all","film","23974","A"
"2019","TVOD","all","all","all","view","6761491","A"
"2019","TVOD","all","all","ani","film","990","A"
"2019","TVOD","all","all","ani","view","827840","A"
"2019","TVOD","all","all","doc","film","2086","A"
"2019","TVOD","all","all","doc","view","81484","A"
"2019","TVOD","all","all","fic","film","20898","A"
"2019","TVOD","all","all","fic","view","5852167","A"
"2019","TVOD","all","och","all","film","539","A"
"2019","TVOD","all","och","all","view","93352","A"
"2019","TVOD","all","och","ani","film","2","A"
"2019","TVOD","all","och","ani","view","1305","A"
"2019","TVOD","all","och","doc","film","225","A"
"2019","TVOD","all","och","doc","view","14521","A"
"2019","TVOD","all","och","fic","film","312","A"
"2019","TVOD","all","och","fic","view","77526","A"
"2019","TVOD","all","oep","all","film","8688","A"
"2019","TVOD","all","oep","all","view","1699461","A"
"2019","TVOD","all","oep","ani","film","271","A"
"2019","TVOD","all","oep","ani","view","115503","A"
"2019","TVOD","all","oep","doc","film","929","A"
"2019","TVOD","all","oep","doc","view","38362","A"
"2019","TVOD","all","oep","fic","film","7488","A"
"2019","TVOD","all","oep","fic","view","1545596","A"
"2019","TVOD","all","oot","all","film","3235","A"
"2019","TVOD","all","oot","all","view","252360","A"
"2019","TVOD","all","oot","ani","film","185","A"
"2019","TVOD","all","oot","ani","view","22654","A"
"2019","TVOD","all","oot","doc","film","187","A"
"2019","TVOD","all","oot","doc","view","3260","A"
"2019","TVOD","all","oot","fic","film","2863","A"
"2019","TVOD","all","oot","fic","view","226446","A"
"2019","TVOD","all","ous","all","film","11512","A"
"2019","TVOD","all","ous","all","view","4716318","A"
"2019","TVOD","all","ous","ani","film","532","A"
"2019","TVOD","all","ous","ani","view","688378","A"
"2019","TVOD","all","ous","doc","film","745","A"
"2019","TVOD","all","ous","doc","view","25341","A"
"2019","TVOD","all","ous","fic","film","10235","A"
"2019","TVOD","all","ous","fic","view","4002599","A"
"2019","TVOD","cin","all","all","film","7904","A"
"2019","TVOD","cin","all","all","view","5492139","A"
"2019","TVOD","cin","all","ani","film","428","A"
"2019","TVOD","cin","all","ani","view","756332","A"
"2019","TVOD","cin","all","doc","film","541","A"
"2019","TVOD","cin","all","doc","view","58458","A"
"2019","TVOD","cin","all","fic","film","6935","A"
"2019","TVOD","cin","all","fic","view","4677349","A"
"2019","TVOD","cin","och","all","film","416","A"
"2019","TVOD","cin","och","all","view","87486","A"
"2019","TVOD","cin","och","ani","film","2","A"
"2019","TVOD","cin","och","ani","view","1305","A"
"2019","TVOD","cin","och","doc","film","200","A"
"2019","TVOD","cin","och","doc","view","14268","A"
"2019","TVOD","cin","och","fic","film","214","A"
"2019","TVOD","cin","och","fic","view","71913","A"
"2019","TVOD","cin","oep","all","film","3354","A"
"2019","TVOD","cin","oep","all","view","1357538","A"
"2019","TVOD","cin","oep","ani","film","157","A"
"2019","TVOD","cin","oep","ani","view","105481","A"
"2019","TVOD","cin","oep","doc","film","230","A"
"2019","TVOD","cin","oep","doc","view","26018","A"
"2019","TVOD","cin","oep","fic","film","2967","A"
"2019","TVOD","cin","oep","fic","view","1226039","A"
"2019","TVOD","cin","oot","all","film","578","A"
"2019","TVOD","cin","oot","all","view","65902","A"
"2019","TVOD","cin","oot","ani","film","38","A"
"2019","TVOD","cin","oot","ani","view","10419","A"
"2019","TVOD","cin","oot","doc","film","19","A"
"2019","TVOD","cin","oot","doc","view","1027","A"
"2019","TVOD","cin","oot","fic","film","521","A"
"2019","TVOD","cin","oot","fic","view","54456","A"
"2019","TVOD","cin","ous","all","film","3556","A"
"2019","TVOD","cin","ous","all","view","3981213","A"
"2019","TVOD","cin","ous","ani","film","231","A"
"2019","TVOD","cin","ous","ani","view","639127","A"
"2019","TVOD","cin","ous","doc","film","92","A"
"2019","TVOD","cin","ous","doc","view","17145","A"
"2019","TVOD","cin","ous","fic","film","3233","A"
"2019","TVOD","cin","ous","fic","view","3324941","A"
"2020","EST","all","all","all","film","25823","A"
"2020","EST","all","all","all","view","1209051","A"
"2020","EST","all","all","ani","film","1073","A"
"2020","EST","all","all","ani","view","205271","A"
"2020","EST","all","all","doc","film","2179","A"
"2020","EST","all","all","doc","view","17214","A"
"2020","EST","all","all","fic","film","22571","A"
"2020","EST","all","all","fic","view","986566","A"
"2020","EST","all","och","all","film","485","A"
"2020","EST","all","och","all","view","14470","A"
"2020","EST","all","och","ani","film","2","A"
"2020","EST","all","och","ani","view","61","A"
"2020","EST","all","och","doc","film","186","A"
"2020","EST","all","och","doc","view","2083","A"
"2020","EST","all","och","fic","film","297","A"
"2020","EST","all","och","fic","view","12326","A"
"2020","EST","all","oep","all","film","9312","A"
"2020","EST","all","oep","all","view","185838","A"
"2020","EST","all","oep","ani","film","297","A"
"2020","EST","all","oep","ani","view","15335","A"
"2020","EST","all","oep","doc","film","1000","A"
"2020","EST","all","oep","doc","view","6936","A"
"2020","EST","all","oep","fic","film","8015","A"
"2020","EST","all","oep","fic","view","163567","A"
"2020","EST","all","oot","all","film","3711","A"
"2020","EST","all","oot","all","view","47664","A"
"2020","EST","all","oot","ani","film","217","A"
"2020","EST","all","oot","ani","view","4627","A"
"2020","EST","all","oot","doc","film","210","A"
"2020","EST","all","oot","doc","view","1570","A"
"2020","EST","all","oot","fic","film","3284","A"
"2020","EST","all","oot","fic","view","41467","A"
"2020","EST","all","ous","all","film","12315","A"
"2020","EST","all","ous","all","view","961079","A"
"2020","EST","all","ous","ani","film","557","A"
"2020","EST","all","ous","ani","view","185248","A"
"2020","EST","all","ous","doc","film","783","A"
"2020","EST","all","ous","doc","view","6625","A"
"2020","EST","all","ous","fic","film","10975","A"
"2020","EST","all","ous","fic","view","769206","A"
"2020","EST","cin","all","all","film","7905","A"
"2020","EST","cin","all","all","view","1018688","A"
"2020","EST","cin","all","ani","film","449","A"
"2020","EST","cin","all","ani","view","184919","A"
"2020","EST","cin","all","doc","film","521","A"
"2020","EST","cin","all","doc","view","10156","A"
"2020","EST","cin","all","fic","film","6935","A"
"2020","EST","cin","all","fic","view","823613","A"
"2020","EST","cin","och","all","film","388","A"
"2020","EST","cin","och","all","view","13519","A"
"2020","EST","cin","och","ani","film","2","A"
"2020","EST","cin","och","ani","view","61","A"
"2020","EST","cin","och","doc","film","173","A"
"2020","EST","cin","och","doc","view","2040","A"
"2020","EST","cin","och","fic","film","213","A"
"2020","EST","cin","och","fic","view","11418","A"
"2020","EST","cin","oep","all","film","3401","A"
"2020","EST","cin","oep","all","view","146492","A"
"2020","EST","cin","oep","ani","film","171","A"
"2020","EST","cin","oep","ani","view","13419","A"
"2020","EST","cin","oep","doc","film","240","A"
"2020","EST","cin","oep","doc","view","4110","A"
"2020","EST","cin","oep","fic","film","2990","A"
"2020","EST","cin","oep","fic","view","128963","A"
"2020","EST","cin","oot","all","film","418","A"
"2020","EST","cin","oot","all","view","24292","A"
"2020","EST","cin","oot","ani","film","38","A"
"2020","EST","cin","oot","ani","view","1585","A"
"2020","EST","cin","oot","doc","film","15","A"
"2020","EST","cin","oot","doc","view","772","A"
"2020","EST","cin","oot","fic","film","365","A"
"2020","EST","cin","oot","fic","view","21935","A"
"2020","EST","cin","ous","all","film","3698","A"
"2020","EST","cin","ous","all","view","834385","A"
"2020","EST","cin","ous","ani","film","238","A"
"2020","EST","cin","ous","ani","view","169854","A"
"2020","EST","cin","ous","doc","film","93","A"
"2020","EST","cin","ous","doc","view","3234","A"
"2020","EST","cin","ous","fic","film","3367","A"
"2020","EST","cin","ous","fic","view","661297","A"
"2020","SVOD","all","all","all","film","13798","A"
"2020","SVOD","all","all","all","view",".","D"
"2020","SVOD","all","all","ani","film","678","A"
"2020","SVOD","all","all","ani","view",".","D"
"2020","SVOD","all","all","doc","film","1195","A"
"2020","SVOD","all","all","doc","view",".","D"
"2020","SVOD","all","all","fic","film","11925","A"
"2020","SVOD","all","all","fic","view",".","D"
"2020","SVOD","all","och","all","film","500","A"
"2020","SVOD","all","och","all","view",".","D"
"2020","SVOD","all","och","ani","film","2","A"
"2020","SVOD","all","och","ani","view",".","D"
"2020","SVOD","all","och","doc","film","255","A"
"2020","SVOD","all","och","doc","view",".","D"
"2020","SVOD","all","och","fic","film","243","A"
"2020","SVOD","all","och","fic","view",".","D"
"2020","SVOD","all","oep","all","film","3826","A"
"2020","SVOD","all","oep","all","view",".","D"
"2020","SVOD","all","oep","ani","film","136","A"
"2020","SVOD","all","oep","ani","view",".","D"
"2020","SVOD","all","oep","doc","film","385","A"
"2020","SVOD","all","oep","doc","view",".","D"
"2020","SVOD","all","oep","fic","film","3305","A"
"2020","SVOD","all","oep","fic","view",".","D"
"2020","SVOD","all","oot","all","film","3186","A"
"2020","SVOD","all","oot","all","view",".","D"
"2020","SVOD","all","oot","ani","film","199","A"
"2020","SVOD","all","oot","ani","view",".","D"
"2020","SVOD","all","oot","doc","film","149","A"
"2020","SVOD","all","oot","doc","view",".","D"
"2020","SVOD","all","oot","fic","film","2838","A"
"2020","SVOD","all","oot","fic","view",".","D"
"2020","SVOD","all","ous","all","film","6286","A"
"2020","SVOD","all","ous","all","view",".","D"
"2020","SVOD","all","ous","ani","film","341","A"
"2020","SVOD","all","ous","ani","view",".","D"
"2020","SVOD","all","ous","doc","film","406","A"
"2020","SVOD","all","ous","doc","view",".","D"
"2020","SVOD","all","ous","fic","film","5539","A"
"2020","SVOD","all","ous","fic","view",".","D"
"2020","SVOD","cin","all","all","film","4547","A"
"2020","SVOD","cin","all","all","view",".","D"
"2020","SVOD","cin","all","ani","film","332","A"
"2020","SVOD","cin","all","ani","view",".","D"
"2020","SVOD","cin","all","doc","film","368","A"
"2020","SVOD","cin","all","doc","view",".","D"
"2020","SVOD","cin","all","fic","film","3847","A"
"2020","SVOD","cin","all","fic","view",".","D"
"2020","SVOD","cin","och","all","film","413","A"
"2020","SVOD","cin","och","all","view",".","D"
"2020","SVOD","cin","och","ani","film","2","A"
"2020","SVOD","cin","och","ani","view",".","D"
"2020","SVOD","cin","och","doc","film","228","A"
"2020","SVOD","cin","och","doc","view",".","D"
"2020","SVOD","cin","och","fic","film","183","A"
"2020","SVOD","cin","och","fic","view",".","D"
"2020","SVOD","cin","oep","all","film","1394","A"
"2020","SVOD","cin","oep","all","view",".","D"
"2020","SVOD","cin","oep","ani","film","79","A"
"2020","SVOD","cin","oep","ani","view",".","D"
"2020","SVOD","cin","oep","doc","film","78","A"
"2020","SVOD","cin","oep","doc","view",".","D"
"2020","SVOD","cin","oep","fic","film","1237","A"
"2020","SVOD","cin","oep","fic","view",".","D"
"2020","SVOD","cin","oot","all","film","460","A"
"2020","SVOD","cin","oot","all","view",".","D"
"2020","SVOD","cin","oot","ani","film","44","A"
"2020","SVOD","cin","oot","ani","view",".","D"
"2020","SVOD","cin","oot","doc","film","17","A"
"2020","SVOD","cin","oot","doc","view",".","D"
"2020","SVOD","cin","oot","fic","film","399","A"
"2020","SVOD","cin","oot","fic","view",".","D"
"2020","SVOD","cin","ous","all","film","2280","A"
"2020","SVOD","cin","ous","all","view",".","D"
"2020","SVOD","cin","ous","ani","film","207","A"
"2020","SVOD","cin","ous","ani","view",".","D"
"2020","SVOD","cin","ous","doc","film","45","A"
"2020","SVOD","cin","ous","doc","view",".","D"
"2020","SVOD","cin","ous","fic","film","2028","A"
"2020","SVOD","cin","ous","fic","view",".","D"
"2020","TVOD","all","all","all","film","29073","A"
"2020","TVOD","all","all","all","view","6309253","A"
"2020","TVOD","all","all","ani","film","1106","A"
"2020","TVOD","all","all","ani","view","712042","A"
"2020","TVOD","all","all","doc","film","2793","A"
"2020","TVOD","all","all","doc","view","94524","A"
"2020","TVOD","all","all","fic","film","25174","A"
"2020","TVOD","all","all","fic","view","5502687","A"
"2020","TVOD","all","och","all","film","642","A"
"2020","TVOD","all","och","all","view","137888","A"
"2020","TVOD","all","och","ani","film","2","A"
"2020","TVOD","all","och","ani","view","950","A"
"2020","TVOD","all","och","doc","film","283","A"
"2020","TVOD","all","och","doc","view","23022","A"
"2020","TVOD","all","och","fic","film","357","A"
"2020","TVOD","all","och","fic","view","113916","A"
"2020","TVOD","all","oep","all","film","10390","A"
"2020","TVOD","all","oep","all","view","1566109","A"
"2020","TVOD","all","oep","ani","film","312","A"
"2020","TVOD","all","oep","ani","view","105502","A"
"2020","TVOD","all","oep","doc","film","1236","A"
"2020","TVOD","all","oep","doc","view","41299","A"
"2020","TVOD","all","oep","fic","film","8842","A"
"2020","TVOD","all","oep","fic","view","1419308","A"
"2020","TVOD","all","oot","all","film","4676","A"
"2020","TVOD","all","oot","all","view","284413","A"
"2020","TVOD","all","oot","ani","film","224","A"
"2020","TVOD","all","oot","ani","view","25233","A"
"2020","TVOD","all","oot","doc","film","293","A"
"2020","TVOD","all","oot","doc","view","3736","A"
"2020","TVOD","all","oot","fic","film","4159","A"
"2020","TVOD","all","oot","fic","view","255444","A"
"2020","TVOD","all","ous","all","film","13365","A"
"2020","TVOD","all","ous","all","view","4320843","A"
"2020","TVOD","all","ous","ani","film","568","A"
"2020","TVOD","all","ous","ani","view","580357","A"
"2020","TVOD","all","ous","doc","film","981","A"
"2020","TVOD","all","ous","doc","view","26467","A"
"2020","TVOD","all","ous","fic","film","11816","A"
"2020","TVOD","all","ous","fic","view","3714019","A"
"2020","TVOD","cin","all","all","film","8691","A"
"2020","TVOD","cin","all","all","view","5216834","A"
"2020","TVOD","cin","all","ani","film","455","A"
"2020","TVOD","cin","all","ani","view","649363","A"
"2020","TVOD","cin","all","doc","film","674","A"
"2020","TVOD","cin","all","doc","view","69658","A"
"2020","TVOD","cin","all","fic","film","7562","A"
"2020","TVOD","cin","all","fic","view","4497813","A"
"2020","TVOD","cin","och","all","film","512","A"
"2020","TVOD","cin","och","all","view","128798","A"
"2020","TVOD","cin","och","ani","film","2","A"
"2020","TVOD","cin","och","ani","view","950","A"
"2020","TVOD","cin","och","doc","film","261","A"
"2020","TVOD","cin","och","doc","view","22676","A"
"2020","TVOD","cin","och","fic","film","249","A"
"2020","TVOD","cin","och","fic","view","105172","A"
"2020","TVOD","cin","oep","all","film","3759","A"
"2020","TVOD","cin","oep","all","view","1276610","A"
"2020","TVOD","cin","oep","ani","film","174","A"
"2020","TVOD","cin","oep","ani","view","97402","A"
"2020","TVOD","cin","oep","doc","film","283","A"
"2020","TVOD","cin","oep","doc","view","28498","A"
"2020","TVOD","cin","oep","fic","film","3302","A"
"2020","TVOD","cin","oep","fic","view","1150710","A"
"2020","TVOD","cin","oot","all","film","687","A"
"2020","TVOD","cin","oot","all","view","117541","A"
"2020","TVOD","cin","oot","ani","film","41","A"
"2020","TVOD","cin","oot","ani","view","8458","A"
"2020","TVOD","cin","oot","doc","film","28","A"
"2020","TVOD","cin","oot","doc","view","1683","A"
"2020","TVOD","cin","oot","fic","film","618","A"
"2020","TVOD","cin","oot","fic","view","107400","A"
"2020","TVOD","cin","ous","all","film","3733","A"
"2020","TVOD","cin","ous","all","view","3693885","A"
"2020","TVOD","cin","ous","ani","film","238","A"
"2020","TVOD","cin","ous","ani","view","542553","A"
"2020","TVOD","cin","ous","doc","film","102","A"
"2020","TVOD","cin","ous","doc","view","16801","A"
"2020","TVOD","cin","ous","fic","film","3393","A"
"2020","TVOD","cin","ous","fic","view","3134531","A"
"2021","EST","all","all","all","film","25151","A"
"2021","EST","all","all","all","view","958019","A"
"2021","EST","all","all","ani","film","1098","A"
"2021","EST","all","all","ani","view","161456","A"
"2021","EST","all","all","doc","film","1975","A"
"2021","EST","all","all","doc","view","11524","A"
"2021","EST","all","all","fic","film","22078","A"
"2021","EST","all","all","fic","view","785039","A"
"2021","EST","all","och","all","film","468","A"
"2021","EST","all","och","all","view","6181","A"
"2021","EST","all","och","ani","film","3","A"
"2021","EST","all","och","ani","view","75","A"
"2021","EST","all","och","doc","film","185","A"
"2021","EST","all","och","doc","view","1161","A"
"2021","EST","all","och","fic","film","280","A"
"2021","EST","all","och","fic","view","4945","A"
"2021","EST","all","oep","all","film","9471","A"
"2021","EST","all","oep","all","view","155868","A"
"2021","EST","all","oep","ani","film","301","A"
"2021","EST","all","oep","ani","view","11203","A"
"2021","EST","all","oep","doc","film","969","A"
"2021","EST","all","oep","doc","view","4726","A"
"2021","EST","all","oep","fic","film","8201","A"
"2021","EST","all","oep","fic","view","139939","A"
"2021","EST","all","oot","all","film","3144","A"
"2021","EST","all","oot","all","view","46365","A"
"2021","EST","all","oot","ani","film","220","A"
"2021","EST","all","oot","ani","view","4654","A"
"2021","EST","all","oot","doc","film","155","A"
"2021","EST","all","oot","doc","view","677","A"
"2021","EST","all","oot","fic","film","2769","A"
"2021","EST","all","oot","fic","view","41034","A"
"2021","EST","all","ous","all","film","12068","A"
"2021","EST","all","ous","all","view","749605","A"
"2021","EST","all","ous","ani","film","574","A"
"2021","EST","all","ous","ani","view","145524","A"
"2021","EST","all","ous","doc","film","666","A"
"2021","EST","all","ous","doc","view","4960","A"
"2021","EST","all","ous","fic","film","10828","A"
"2021","EST","all","ous","fic","view","599121","A"
"2021","EST","cin","all","all","film","8004","A"
"2021","EST","cin","all","all","view","780055","A"
"2021","EST","cin","all","ani","film","458","A"
"2021","EST","cin","all","ani","view","123898","A"
"2021","EST","cin","all","doc","film","523","A"
"2021","EST","cin","all","doc","view","6538","A"
"2021","EST","cin","all","fic","film","7023","A"
"2021","EST","cin","all","fic","view","649619","A"
"2021","EST","cin","och","all","film","381","A"
"2021","EST","cin","och","all","view","5770","A"
"2021","EST","cin","och","ani","film","3","A"
"2021","EST","cin","och","ani","view","75","A"
"2021","EST","cin","och","doc","film","170","A"
"2021","EST","cin","och","doc","view","1143","A"
"2021","EST","cin","och","fic","film","208","A"
"2021","EST","cin","och","fic","view","4552","A"
"2021","EST","cin","oep","all","film","3436","A"
"2021","EST","cin","oep","all","view","122062","A"
"2021","EST","cin","oep","ani","film","172","A"
"2021","EST","cin","oep","ani","view","9564","A"
"2021","EST","cin","oep","doc","film","241","A"
"2021","EST","cin","oep","doc","view","2741","A"
"2021","EST","cin","oep","fic","film","3023","A"
"2021","EST","cin","oep","fic","view","109757","A"
"2021","EST","cin","oot","all","film","415","A"
"2021","EST","cin","oot","all","view","22326","A"
"2021","EST","cin","oot","ani","film","38","A"
"2021","EST","cin","oot","ani","view","2077","A"
"2021","EST","cin","oot","doc","film","16","A"
"2021","EST","cin","oot","doc","view","164","A"
"2021","EST","cin","oot","fic","film","361","A"
"2021","EST","cin","oot","fic","view","20085","A"
"2021","EST","cin","ous","all","film","3772","A"
"2021","EST","cin","ous","all","view","629897","A"
"2021","EST","cin","ous","ani","film","245","A"
"2021","EST","cin","ous","ani","view","112182","A"
"2021","EST","cin","ous","doc","film","96","A"
"2021","EST","cin","ous","doc","view","2490","A"
"2021","EST","cin","ous","fic","film","3431","A"
"2021","EST","cin","ous","fic","view","515225","A"
"2021","SVOD","all","all","all","film","16833","A"
"2021","SVOD","all","all","all","view",".","D"
"2021","SVOD","all","all","ani","film","726","A"
"2021","SVOD","all","all","ani","view",".","D"
"2021","SVOD","all","all","doc","film","1513","A"
"2021","SVOD","all","all","doc","view",".","D"
"2021","SVOD","all","all","fic","film","14594","A"
"2021","SVOD","all","all","fic","view",".","D"
"2021","SVOD","all","och","all","film","576","A"
"2021","SVOD","all","och","all","view",".","D"
"2021","SVOD","all","och","ani","film","3","A"
"2021","SVOD","all","och","ani","view",".","D"
"2021","SVOD","all","och","doc","film","329","A"
"2021","SVOD","all","och","doc","view",".","D"
"2021","SVOD","all","och","fic","film","244","A"
"2021","SVOD","all","och","fic","view",".","D"
"2021","SVOD","all","oep","all","film","5583","A"
"2021","SVOD","all","oep","all","view",".","D"
"2021","SVOD","all","oep","ani","film","165","A"
"2021","SVOD","all","oep","ani","view",".","D"
"2021","SVOD","all","oep","doc","film","556","A"
"2021","SVOD","all","oep","doc","view",".","D"
"2021","SVOD","all","oep","fic","film","4862","A"
"2021","SVOD","all","oep","fic","view",".","D"
"2021","SVOD","all","oot","all","film","3682","A"
"2021","SVOD","all","oot","all","view",".","D"
"2021","SVOD","all","oot","ani","film","214","A"
"2021","SVOD","all","oot","ani","view",".","D"
"2021","SVOD","all","oot","doc","film","154","A"
"2021","SVOD","all","oot","doc","view",".","D"
"2021","SVOD","all","oot","fic","film","3314","A"
"2021","SVOD","all","oot","fic","view",".","D"
"2021","SVOD","all","ous","all","film","6992","A"
"2021","SVOD","all","ous","all","view",".","D"
"2021","SVOD","all","ous","ani","film","344","A"
"2021","SVOD","all","ous","ani","view",".","D"
"2021","SVOD","all","ous","doc","film","474","A"
"2021","SVOD","all","ous","doc","view",".","D"
"2021","SVOD","all","ous","fic","film","6174","A"
"2021","SVOD","all","ous","fic","view",".","D"
"2021","SVOD","cin","all","all","film","5170","A"
"2021","SVOD","cin","all","all","view",".","D"
"2021","SVOD","cin","all","ani","film","351","A"
"2021","SVOD","cin","all","ani","view",".","D"
"2021","SVOD","cin","all","doc","film","474","A"
"2021","SVOD","cin","all","doc","view",".","D"
"2021","SVOD","cin","all","fic","film","4345","A"
"2021","SVOD","cin","all","fic","view",".","D"
"2021","SVOD","cin","och","all","film","498","A"
"2021","SVOD","cin","och","all","view",".","D"
"2021","SVOD","cin","och","ani","film","3","A"
"2021","SVOD","cin","och","ani","view",".","D"
"2021","SVOD","cin","och","doc","film","295","A"
"2021","SVOD","cin","och","doc","view",".","D"
"2021","SVOD","cin","och","fic","film","200","A"
"2021","SVOD","cin","och","fic","view",".","D"
"2021","SVOD","cin","oep","all","film","1716","A"
"2021","SVOD","cin","oep","all","view",".","D"
"2021","SVOD","cin","oep","ani","film","87","A"
"2021","SVOD","cin","oep","ani","view",".","D"
"2021","SVOD","cin","oep","doc","film","103","A"
"2021","SVOD","cin","oep","doc","view",".","D"
"2021","SVOD","cin","oep","fic","film","1526","A"
"2021","SVOD","cin","oep","fic","view",".","D"
"2021","SVOD","cin","oot","all","film","536","A"
"2021","SVOD","cin","oot","all","view",".","D"
"2021","SVOD","cin","oot","ani","film","49","A"
"2021","SVOD","cin","oot","ani","view",".","D"
"2021","SVOD","cin","oot","doc","film","19","A"
"2021","SVOD","cin","oot","doc","view",".","D"
"2021","SVOD","cin","oot","fic","film","468","A"
"2021","SVOD","cin","oot","fic","view",".","D"
"2021","SVOD","cin","ous","all","film","2420","A"
"2021","SVOD","cin","ous","all","view",".","D"
"2021","SVOD","cin","ous","ani","film","212","A"
"2021","SVOD","cin","ous","ani","view",".","D"
"2021","SVOD","cin","ous","doc","film","57","A"
"2021","SVOD","cin","ous","doc","view",".","D"
"2021","SVOD","cin","ous","fic","film","2151","A"
"2021","SVOD","cin","ous","fic","view",".","D"
"2021","TVOD","all","all","all","film","27511","A"
"2021","TVOD","all","all","all","view","4346902","A"
"2021","TVOD","all","all","ani","film","1108","A"
"2021","TVOD","all","all","ani","view","448907","A"
"2021","TVOD","all","all","doc","film","2528","A"
"2021","TVOD","all","all","doc","view","66398","A"
"2021","TVOD","all","all","fic","film","23875","A"
"2021","TVOD","all","all","fic","view","3831597","A"
"2021","TVOD","all","och","all","film","686","A"
"2021","TVOD","all","och","all","view","62851","A"
"2021","TVOD","all","och","ani","film","3","A"
"2021","TVOD","all","och","ani","view","520","A"
"2021","TVOD","all","och","doc","film","324","A"
"2021","TVOD","all","och","doc","view","12864","A"
"2021","TVOD","all","och","fic","film","359","A"
"2021","TVOD","all","och","fic","view","49467","A"
"2021","TVOD","all","oep","all","film","10224","A"
"2021","TVOD","all","oep","all","view","1027974","A"
"2021","TVOD","all","oep","ani","film","307","A"
"2021","TVOD","all","oep","ani","view","69140","A"
"2021","TVOD","all","oep","doc","film","1165","A"
"2021","TVOD","all","oep","doc","view","25637","A"
"2021","TVOD","all","oep","fic","film","8752","A"
"2021","TVOD","all","oep","fic","view","933197","A"
"2021","TVOD","all","oot","all","film","3836","A"
"2021","TVOD","all","oot","all","view","251209","A"
"2021","TVOD","all","oot","ani","film","222","A"
"2021","TVOD","all","oot","ani","view","21531","A"
"2021","TVOD","all","oot","doc","film","219","A"
"2021","TVOD","all","oot","doc","view","3977","A"
"2021","TVOD","all","oot","fic","film","3395","A"
"2021","TVOD","all","oot","fic","view","225701","A"
"2021","TVOD","all","ous","all","film","12765","A"
"2021","TVOD","all","ous","all","view","3004868","A"
"2021","TVOD","all","ous","ani","film","576","A"
"2021","TVOD","all","ous","ani","view","357716","A"
"2021","TVOD","all","ous","doc","film","820","A"
"2021","TVOD","all","ous","doc","view","23920","A"
"2021","TVOD","all","ous","fic","film","11369","A"
"2021","TVOD","all","ous","fic","view","2623232","A"
"2021","TVOD","cin","all","all","film","8850","A"
"2021","TVOD","cin","all","all","view","3441951","A"
"2021","TVOD","cin","all","ani","film","464","A"
"2021","TVOD","cin","all","ani","view","402694","A"
"2021","TVOD","cin","all","doc","film","728","A"
"2021","TVOD","cin","all","doc","view","47385","A"
"2021","TVOD","cin","all","fic","film","7658","A"
"2021","TVOD","cin","all","fic","view","2991872","A"
"2021","TVOD","cin","och","all","film","551","A"
"2021","TVOD","cin","och","all","view","56713","A"
"2021","TVOD","cin","och","ani","film","3","A"
"2021","TVOD","cin","och","ani","view","520","A"
"2021","TVOD","cin","och","doc","film","300","A"
"2021","TVOD","cin","och","doc","view","12703","A"
"2021","TVOD","cin","och","fic","film","248","A"
"2021","TVOD","cin","och","fic","view","43490","A"
"2021","TVOD","cin","oep","all","film","3810","A"
"2021","TVOD","cin","oep","all","view","831222","A"
"2021","TVOD","cin","oep","ani","film","175","A"
"2021","TVOD","cin","oep","ani","view","62336","A"
"2021","TVOD","cin","oep","doc","film","294","A"
"2021","TVOD","cin","oep","doc","view","18069","A"
"2021","TVOD","cin","oep","fic","film","3341","A"
"2021","TVOD","cin","oep","fic","view","750817","A"
"2021","TVOD","cin","oot","all","film","699","A"
"2021","TVOD","cin","oot","all","view","84864","A"
"2021","TVOD","cin","oot","ani","film","41","A"
"2021","TVOD","cin","oot","ani","view","11168","A"
"2021","TVOD","cin","oot","doc","film","31","A"
"2021","TVOD","cin","oot","doc","view","2109","A"
"2021","TVOD","cin","oot","fic","film","627","A"
"2021","TVOD","cin","oot","fic","view","71587","A"
"2021","TVOD","cin","ous","all","film","3790","A"
"2021","TVOD","cin","ous","all","view","2469152","A"
"2021","TVOD","cin","ous","ani","film","245","A"
"2021","TVOD","cin","ous","ani","view","328670","A"
"2021","TVOD","cin","ous","doc","film","103","A"
"2021","TVOD","cin","ous","doc","view","14504","A"
"2021","TVOD","cin","ous","fic","film","3442","A"
"2021","TVOD","cin","ous","fic","view","2125978","A"
"2022","EST","all","all","all","film","26099","A"
"2022","EST","all","all","all","view","869746","A"
"2022","EST","all","all","ani","film","1125","A"
"2022","EST","all","all","ani","view","125770","A"
"2022","EST","all","all","doc","film","2094","A"
"2022","EST","all","all","doc","view","12130","A"
"2022","EST","all","all","fic","film","22880","A"
"2022","EST","all","all","fic","view","731846","A"
"2022","EST","all","och","all","film","513","A"
"2022","EST","all","och","all","view","6474","A"
"2022","EST","all","och","ani","film","3","A"
"2022","EST","all","och","ani","view","70","A"
"2022","EST","all","och","doc","film","209","A"
"2022","EST","all","och","doc","view","1186","A"
"2022","EST","all","och","fic","film","301","A"
"2022","EST","all","och","fic","view","5218","A"
"2022","EST","all","oep","all","film","10097","A"
"2022","EST","all","oep","all","view","136886","A"
"2022","EST","all","oep","ani","film","310","A"
"2022","EST","all","oep","ani","view","9899","A"
"2022","EST","all","oep","doc","film","1044","A"
"2022","EST","all","oep","doc","view","5752","A"
"2022","EST","all","oep","fic","film","8743","A"
"2022","EST","all","oep","fic","view","121235","A"
"2022","EST","all","oot","all","film","3217","A"
"2022","EST","all","oot","all","view","32141","A"
"2022","EST","all","oot","ani","film","225","A"
"2022","EST","all","oot","ani","view","3492","A"
"2022","EST","all","oot","doc","film","167","A"
"2022","EST","all","oot","doc","view","707","A"
"2022","EST","all","oot","fic","film","2825","A"
"2022","EST","all","oot","fic","view","27942","A"
"2022","EST","all","ous","all","film","12272","A"
"2022","EST","all","ous","all","view","694245","A"
"2022","EST","all","ous","ani","film","587","A"
"2022","EST","all","ous","ani","view","112309","A"
"2022","EST","all","ous","doc","film","674","A"
"2022","EST","all","ous","doc","view","4485","A"
"2022","EST","all","ous","fic","film","11011","A"
"2022","EST","all","ous","fic","view","577451","A"
"2022","EST","cin","all","all","film","8340","A"
"2022","EST","cin","all","all","view","734240","A"
"2022","EST","cin","all","ani","film","474","A"
"2022","EST","cin","all","ani","view","105278","A"
"2022","EST","cin","all","doc","film","577","A"
"2022","EST","cin","all","doc","view","7797","A"
"2022","EST","cin","all","fic","film","7289","A"
"2022","EST","cin","all","fic","view","621165","A"
"2022","EST","cin","och","all","film","412","A"
"2022","EST","cin","och","all","view","6132","A"
"2022","EST","cin","och","ani","film","3","A"
"2022","EST","cin","och","ani","view","70","A"
"2022","EST","cin","och","doc","film","191","A"
"2022","EST","cin","och","doc","view","1155","A"
"2022","EST","cin","och","fic","film","218","A"
"2022","EST","cin","och","fic","view","4907","A"
"2022","EST","cin","oep","all","film","3648","A"
"2022","EST","cin","oep","all","view","106235","A"
"2022","EST","cin","oep","ani","film","180","A"
"2022","EST","cin","oep","ani","view","8564","A"
"2022","EST","cin","oep","doc","film","267","A"
"2022","EST","cin","oep","doc","view","4026","A"
"2022","EST","cin","oep","fic","film","3201","A"
"2022","EST","cin","oep","fic","view","93645","A"
"2022","EST","cin","oot","all","film","433","A"
"2022","EST","cin","oot","all","view","17394","A"
"2022","EST","cin","oot","ani","film","37","A"
"2022","EST","cin","oot","ani","view","1846","A"
"2022","EST","cin","oot","doc","film","17","A"
"2022","EST","cin","oot","doc","view","129","A"
"2022","EST","cin","oot","fic","film","379","A"
"2022","EST","cin","oot","fic","view","15419","A"
"2022","EST","cin","ous","all","film","3847","A"
"2022","EST","cin","ous","all","view","604479","A"
"2022","EST","cin","ous","ani","film","254","A"
"2022","EST","cin","ous","ani","view","94798","A"
"2022","EST","cin","ous","doc","film","102","A"
"2022","EST","cin","ous","doc","view","2487","A"
"2022","EST","cin","ous","fic","film","3491","A"
"2022","EST","cin","ous","fic","view","507194","A"
"2022","SVOD","all","all","all","film","19343","A"
"2022","SVOD","all","all","all","view",".","D"
"2022","SVOD","all","all","ani","film","801","A"
"2022","SVOD","all","all","ani","view",".","D"
"2022","SVOD","all","all","doc","film","1949","A"
"2022","SVOD","all","all","doc","view",".","D"
"2022","SVOD","all","all","fic","film","16593","A"
"2022","SVOD","all","all","fic","view",".","D"
"2022","SVOD","all","och","all","film","677","A"
"2022","SVOD","all","och","all","view",".","D"
"2022","SVOD","all","och","ani","film","3","A"
"2022","SVOD","all","och","ani","view",".","D"
"2022","SVOD","all","och","doc","film","354","A"
"2022","SVOD","all","och","doc","view",".","D"
"2022","SVOD","all","och","fic","film","320","A"
"2022","SVOD","all","och","fic","view",".","D"
"2022","SVOD","all","oep","all","film","6968","A"
"2022","SVOD","all","oep","all","view",".","D"
"2022","SVOD","all","oep","ani","film","200","A"
"2022","SVOD","all","oep","ani","view",".","D"
"2022","SVOD","all","oep","doc","film","838","A"
"2022","SVOD","all","oep","doc","view",".","D"
"2022","SVOD","all","oep","fic","film","5930","A"
"2022","SVOD","all","oep","fic","view",".","D"
"2022","SVOD","all","oot","all","film","3994","A"
"2022","SVOD","all","oot","all","view",".","D"
"2022","SVOD","all","oot","ani","film","229","A"
"2022","SVOD","all","oot","ani","view",".","D"
"2022","SVOD","all","oot","doc","film","186","A"
"2022","SVOD","all","oot","doc","view",".","D"
"2022","SVOD","all","oot","fic","film","3579","A"
"2022","SVOD","all","oot","fic","view",".","D"
"2022","SVOD","all","ous","all","film","7704","A"
"2022","SVOD","all","ous","all","view",".","D"
"2022","SVOD","all","ous","ani","film","369","A"
"2022","SVOD","all","ous","ani","view",".","D"
"2022","SVOD","all","ous","doc","film","571","A"
"2022","SVOD","all","ous","doc","view",".","D"
"2022","SVOD","all","ous","fic","film","6764","A"
"2022","SVOD","all","ous","fic","view",".","D"
"2022","SVOD","cin","all","all","film","5974","A"
"2022","SVOD","cin","all","all","view",".","D"
"2022","SVOD","cin","all","ani","film","386","A"
"2022","SVOD","cin","all","ani","view",".","D"
"2022","SVOD","cin","all","doc","film","572","A"
"2022","SVOD","cin","all","doc","view",".","D"
"2022","SVOD","cin","all","fic","film","5016","A"
"2022","SVOD","cin","all","fic","view",".","D"
"2022","SVOD","cin","och","all","film","583","A"
"2022","SVOD","cin","och","all","view",".","D"
"2022","SVOD","cin","och","ani","film","3","A"
"2022","SVOD","cin","och","ani","view",".","D"
"2022","SVOD","cin","och","doc","film","325","A"
"2022","SVOD","cin","och","doc","view",".","D"
"2022","SVOD","cin","och","fic","film","255","A"
"2022","SVOD","cin","och","fic","view",".","D"
"2022","SVOD","cin","oep","all","film","2141","A"
"2022","SVOD","cin","oep","all","view",".","D"
"2022","SVOD","cin","oep","ani","film","108","A"
"2022","SVOD","cin","oep","ani","view",".","D"
"2022","SVOD","cin","oep","doc","film","160","A"
"2022","SVOD","cin","oep","doc","view",".","D"
"2022","SVOD","cin","oep","fic","film","1873","A"
"2022","SVOD","cin","oep","fic","view",".","D"
"2022","SVOD","cin","oot","all","film","600","A"
"2022","SVOD","cin","oot","all","view",".","D"
"2022","SVOD","cin","oot","ani","film","53","A"
"2022","SVOD","cin","oot","ani","view",".","D"
"2022","SVOD","cin","oot","doc","film","25","A"
"2022","SVOD","cin","oot","doc","view",".","D"
"2022","SVOD","cin","oot","fic","film","522","A"
"2022","SVOD","cin","oot","fic","view",".","D"
"2022","SVOD","cin","ous","all","film","2650","A"
"2022","SVOD","cin","ous","all","view",".","D"
"2022","SVOD","cin","ous","ani","film","222","A"
"2022","SVOD","cin","ous","ani","view",".","D"
"2022","SVOD","cin","ous","doc","film","62","A"
"2022","SVOD","cin","ous","doc","view",".","D"
"2022","SVOD","cin","ous","fic","film","2366","A"
"2022","SVOD","cin","ous","fic","view",".","D"
"2022","TVOD","all","all","all","film","27947","A"
"2022","TVOD","all","all","all","view","4363900","A"
"2022","TVOD","all","all","ani","film","1132","A"
"2022","TVOD","all","all","ani","view","513519","A"
"2022","TVOD","all","all","doc","film","2516","A"
"2022","TVOD","all","all","doc","view","49808","A"
"2022","TVOD","all","all","fic","film","24299","A"
"2022","TVOD","all","all","fic","view","3800573","A"
"2022","TVOD","all","och","all","film","761","A"
"2022","TVOD","all","och","all","view","46786","A"
"2022","TVOD","all","och","ani","film","4","A"
"2022","TVOD","all","och","ani","view","189","A"
"2022","TVOD","all","och","doc","film","366","A"
"2022","TVOD","all","och","doc","view","9227","A"
"2022","TVOD","all","och","fic","film","391","A"
"2022","TVOD","all","och","fic","view","37370","A"
"2022","TVOD","all","oep","all","film","10759","A"
"2022","TVOD","all","oep","all","view","955633","A"
"2022","TVOD","all","oep","ani","film","317","A"
"2022","TVOD","all","oep","ani","view","55836","A"
"2022","TVOD","all","oep","doc","film","1205","A"
"2022","TVOD","all","oep","doc","view","21605","A"
"2022","TVOD","all","oep","fic","film","9237","A"
"2022","TVOD","all","oep","fic","view","878192","A"
"2022","TVOD","all","oot","all","film","3824","A"
"2022","TVOD","all","oot","all","view","143158","A"
"2022","TVOD","all","oot","ani","film","225","A"
"2022","TVOD","all","oot","ani","view","13993","A"
"2022","TVOD","all","oot","doc","film","202","A"
"2022","TVOD","all","oot","doc","view","2332","A"
"2022","TVOD","all","oot","fic","film","3397","A"
"2022","TVOD","all","oot","fic","view","126833","A"
"2022","TVOD","all","ous","all","film","12603","A"
"2022","TVOD","all","ous","all","view","3218323","A"
"2022","TVOD","all","ous","ani","film","586","A"
"2022","TVOD","all","ous","ani","view","443501","A"
"2022","TVOD","all","ous","doc","film","743","A"
"2022","TVOD","all","ous","doc","view","16644","A"
"2022","TVOD","all","ous","fic","film","11274","A"
"2022","TVOD","all","ous","fic","view","2758178","A"
"2022","TVOD","cin","all","all","film","9280","A"
"2022","TVOD","cin","all","all","view","3663608","A"
"2022","TVOD","cin","all","ani","film","487","A"
"2022","TVOD","cin","all","ani","view","475737","A"
"2022","TVOD","cin","all","doc","film","808","A"
"2022","TVOD","cin","all","doc","view","36281","A"
"2022","TVOD","cin","all","fic","film","7985","A"
"2022","TVOD","cin","all","fic","view","3151590","A"
"2022","TVOD","cin","och","all","film","609","A"
"2022","TVOD","cin","och","all","view","42589","A"
"2022","TVOD","cin","och","ani","film","4","A"
"2022","TVOD","cin","och","ani","view","189","A"
"2022","TVOD","cin","och","doc","film","340","A"
"2022","TVOD","cin","och","doc","view","9099","A"
"2022","TVOD","cin","och","fic","film","265","A"
"2022","TVOD","cin","och","fic","view","33301","A"
"2022","TVOD","cin","oep","all","film","4063","A"
"2022","TVOD","cin","oep","all","view","812117","A"
"2022","TVOD","cin","oep","ani","film","188","A"
"2022","TVOD","cin","oep","ani","view","51302","A"
"2022","TVOD","cin","oep","doc","film","326","A"
"2022","TVOD","cin","oep","doc","view","15077","A"
"2022","TVOD","cin","oep","fic","film","3549","A"
"2022","TVOD","cin","oep","fic","view","745738","A"
"2022","TVOD","cin","oot","all","film","737","A"
"2022","TVOD","cin","oot","all","view","58952","A"
"2022","TVOD","cin","oot","ani","film","42","A"
"2022","TVOD","cin","oot","ani","view","8610","A"
"2022","TVOD","cin","oot","doc","film","34","A"
"2022","TVOD","cin","oot","doc","view","750","A"
"2022","TVOD","cin","oot","fic","film","661","A"
"2022","TVOD","cin","oot","fic","view","49592","A"
"2022","TVOD","cin","ous","all","film","3871","A"
"2022","TVOD","cin","ous","all","view","2749950","A"
"2022","TVOD","cin","ous","ani","film","253","A"
"2022","TVOD","cin","ous","ani","view","415636","A"
"2022","TVOD","cin","ous","doc","film","108","A"
"2022","TVOD","cin","ous","doc","view","11355","A"
"2022","TVOD","cin","ous","fic","film","3510","A"
"2022","TVOD","cin","ous","fic","view","2322959","A"
"2023","EST","all","all","all","film","27715","A"
"2023","EST","all","all","all","view","941636","A"
"2023","EST","all","all","ani","film","1189","A"
"2023","EST","all","all","ani","view","120920","A"
"2023","EST","all","all","doc","film","2177","A"
"2023","EST","all","all","doc","view","9159","A"
"2023","EST","all","all","fic","film","24349","A"
"2023","EST","all","all","fic","view","811557","A"
"2023","EST","all","och","all","film","576","A"
"2023","EST","all","och","all","view","7343","A"
"2023","EST","all","och","ani","film","3","A"
"2023","EST","all","och","ani","view","44","A"
"2023","EST","all","och","doc","film","225","A"
"2023","EST","all","och","doc","view","1091","A"
"2023","EST","all","och","fic","film","348","A"
"2023","EST","all","och","fic","view","6208","A"
"2023","EST","all","oep","all","film","11011","A"
"2023","EST","all","oep","all","view","147383","A"
"2023","EST","all","oep","ani","film","338","A"
"2023","EST","all","oep","ani","view","12009","A"
"2023","EST","all","oep","doc","film","1111","A"
"2023","EST","all","oep","doc","view","3703","A"
"2023","EST","all","oep","fic","film","9562","A"
"2023","EST","all","oep","fic","view","131671","A"
"2023","EST","all","oot","all","film","3364","A"
"2023","EST","all","oot","all","view","35081","A"
"2023","EST","all","oot","ani","film","242","A"
"2023","EST","all","oot","ani","view","3714","A"
"2023","EST","all","oot","doc","film","164","A"
"2023","EST","all","oot","doc","view","560","A"
"2023","EST","all","oot","fic","film","2958","A"
"2023","EST","all","oot","fic","view","30807","A"
"2023","EST","all","ous","all","film","12764","A"
"2023","EST","all","ous","all","view","751829","A"
"2023","EST","all","ous","ani","film","606","A"
"2023","EST","all","ous","ani","view","105153","A"
"2023","EST","all","ous","doc","film","677","A"
"2023","EST","all","ous","doc","view","3805","A"
"2023","EST","all","ous","fic","film","11481","A"
"2023","EST","all","ous","fic","view","642871","A"
"2023","EST","cin","all","all","film","8787","A"
"2023","EST","cin","all","all","view","795896","A"
"2023","EST","cin","all","ani","film","503","A"
"2023","EST","cin","all","ani","view","106035","A"
"2023","EST","cin","all","doc","film","626","A"
"2023","EST","cin","all","doc","view","5387","A"
"2023","EST","cin","all","fic","film","7658","A"
"2023","EST","cin","all","fic","view","684474","A"
"2023","EST","cin","och","all","film","454","A"
"2023","EST","cin","och","all","view","6633","A"
"2023","EST","cin","och","ani","film","3","A"
"2023","EST","cin","och","ani","view","44","A"
"2023","EST","cin","och","doc","film","208","A"
"2023","EST","cin","och","doc","view","1041","A"
"2023","EST","cin","och","fic","film","243","A"
"2023","EST","cin","och","fic","view","5548","A"
"2023","EST","cin","oep","all","film","3906","A"
"2023","EST","cin","oep","all","view","114420","A"
"2023","EST","cin","oep","ani","film","199","A"
"2023","EST","cin","oep","ani","view","11094","A"
"2023","EST","cin","oep","doc","film","298","A"
"2023","EST","cin","oep","doc","view","2041","A"
"2023","EST","cin","oep","fic","film","3409","A"
"2023","EST","cin","oep","fic","view","101285","A"
"2023","EST","cin","oot","all","film","461","A"
"2023","EST","cin","oot","all","view","17872","A"
"2023","EST","cin","oot","ani","film","38","A"
"2023","EST","cin","oot","ani","view","2217","A"
"2023","EST","cin","oot","doc","film","17","A"
"2023","EST","cin","oot","doc","view","66","A"
"2023","EST","cin","oot","fic","film","406","A"
"2023","EST","cin","oot","fic","view","15589","A"
"2023","EST","cin","ous","all","film","3966","A"
"2023","EST","cin","ous","all","view","656971","A"
"2023","EST","cin","ous","ani","film","263","A"
"2023","EST","cin","ous","ani","view","92680","A"
"2023","EST","cin","ous","doc","film","103","A"
"2023","EST","cin","ous","doc","view","2239","A"
"2023","EST","cin","ous","fic","film","3600","A"
"2023","EST","cin","ous","fic","view","562052","A"
"2023","SVOD","all","all","all","film","19818","A"
"2023","SVOD","all","all","all","view",".","D"
"2023","SVOD","all","all","ani","film","823","A"
"2023","SVOD","all","all","ani","view",".","D"
"2023","SVOD","all","all","doc","film","2100","A"
"2023","SVOD","all","all","doc","view",".","D"
"2023","SVOD","all","all","fic","film","16895","A"
"2023","SVOD","all","all","fic","view",".","D"
"2023","SVOD","all","och","all","film","767","A"
"2023","SVOD","all","och","all","view",".","D"
"2023","SVOD","all","och","ani","film","3","A"
"2023","SVOD","all","och","ani","view",".","D"
"2023","SVOD","all","och","doc","film","404","A"
"2023","SVOD","all","och","doc","view",".","D"
"2023","SVOD","all","och","fic","film","360","A"
"2023","SVOD","all","och","fic","view",".","D"
"2023","SVOD","all","oep","all","film","7282","A"
"2023","SVOD","all","oep","all","view",".","D"
"2023","SVOD","all","oep","ani","film","213","A"
"2023","SVOD","all","oep","ani","view",".","D"
"2023","SVOD","all","oep","doc","film","894","A"
"2023","SVOD","all","oep","doc","view",".","D"
"2023","SVOD","all","oep","fic","film","6175","A"
"2023","SVOD","all","oep","fic","view",".","D"
"2023","SVOD","all","oot","all","film","3769","A"
"2023","SVOD","all","oot","all","view",".","D"
"2023","SVOD","all","oot","ani","film","224","A"
"2023","SVOD","all","oot","ani","view",".","D"
"2023","SVOD","all","oot","doc","film","188","A"
"2023","SVOD","all","oot","doc","view",".","D"
"2023","SVOD","all","oot","fic","film","3357","A"
"2023","SVOD","all","oot","fic","view",".","D"
"2023","SVOD","all","ous","all","film","8000","A"
"2023","SVOD","all","ous","all","view",".","D"
"2023","SVOD","all","ous","ani","film","383","A"
"2023","SVOD","all","ous","ani","view",".","D"
"2023","SVOD","all","ous","doc","film","614","A"
"2023","SVOD","all","ous","doc","view",".","D"
"2023","SVOD","all","ous","fic","film","7003","A"
"2023","SVOD","all","ous","fic","view",".","D"
"2023","SVOD","cin","all","all","film","6253","A"
"2023","SVOD","cin","all","all","view",".","D"
"2023","SVOD","cin","all","ani","film","403","A"
"2023","SVOD","cin","all","ani","view",".","D"
"2023","SVOD","cin","all","doc","film","641","A"
"2023","SVOD","cin","all","doc","view",".","D"
"2023","SVOD","cin","all","fic","film","5209","A"
"2023","SVOD","cin","all","fic","view",".","D"
"2023","SVOD","cin","och","all","film","664","A"
"2023","SVOD","cin","och","all","view",".","D"
"2023","SVOD","cin","och","ani","film","3","A"
"2023","SVOD","cin","och","ani","view",".","D"
"2023","SVOD","cin","och","doc","film","370","A"
"2023","SVOD","cin","och","doc","view",".","D"
"2023","SVOD","cin","och","fic","film","291","A"
"2023","SVOD","cin","och","fic","view",".","D"
"2023","SVOD","cin","oep","all","film","2257","A"
"2023","SVOD","cin","oep","all","view",".","D"
"2023","SVOD","cin","oep","ani","film","123","A"
"2023","SVOD","cin","oep","ani","view",".","D"
"2023","SVOD","cin","oep","doc","film","180","A"
"2023","SVOD","cin","oep","doc","view",".","D"
"2023","SVOD","cin","oep","fic","film","1954","A"
"2023","SVOD","cin","oep","fic","view",".","D"
"2023","SVOD","cin","oot","all","film","585","A"
"2023","SVOD","cin","oot","all","view",".","D"
"2023","SVOD","cin","oot","ani","film","51","A"
"2023","SVOD","cin","oot","ani","view",".","D"
"2023","SVOD","cin","oot","doc","film","22","A"
"2023","SVOD","cin","oot","doc","view",".","D"
"2023","SVOD","cin","oot","fic","film","512","A"
"2023","SVOD","cin","oot","fic","view",".","D"
"2023","SVOD","cin","ous","all","film","2747","A"
"2023","SVOD","cin","ous","all","view",".","D"
"2023","SVOD","cin","ous","ani","film","226","A"
"2023","SVOD","cin","ous","ani","view",".","D"
"2023","SVOD","cin","ous","doc","film","69","A"
"2023","SVOD","cin","ous","doc","view",".","D"
"2023","SVOD","cin","ous","fic","film","2452","A"
"2023","SVOD","cin","ous","fic","view",".","D"
"2023","TVOD","all","all","all","film","28637","A"
"2023","TVOD","all","all","all","view","4307850","A"
"2023","TVOD","all","all","ani","film","1199","A"
"2023","TVOD","all","all","ani","view","479200","A"
"2023","TVOD","all","all","doc","film","2374","A"
"2023","TVOD","all","all","doc","view","35681","A"
"2023","TVOD","all","all","fic","film","25064","A"
"2023","TVOD","all","all","fic","view","3792969","A"
"2023","TVOD","all","och","all","film","777","A"
"2023","TVOD","all","och","all","view","52852","A"
"2023","TVOD","all","och","ani","film","4","A"
"2023","TVOD","all","och","ani","view","211","A"
"2023","TVOD","all","och","doc","film","370","A"
"2023","TVOD","all","och","doc","view","7733","A"
"2023","TVOD","all","och","fic","film","403","A"
"2023","TVOD","all","och","fic","view","44908","A"
"2023","TVOD","all","oep","all","film","11403","A"
"2023","TVOD","all","oep","all","view","956662","A"
"2023","TVOD","all","oep","ani","film","343","A"
"2023","TVOD","all","oep","ani","view","52597","A"
"2023","TVOD","all","oep","doc","film","1162","A"
"2023","TVOD","all","oep","doc","view","14820","A"
"2023","TVOD","all","oep","fic","film","9898","A"
"2023","TVOD","all","oep","fic","view","889245","A"
"2023","TVOD","all","oot","all","film","3701","A"
"2023","TVOD","all","oot","all","view","137468","A"
"2023","TVOD","all","oot","ani","film","246","A"
"2023","TVOD","all","oot","ani","view","17064","A"
"2023","TVOD","all","oot","doc","film","183","A"
"2023","TVOD","all","oot","doc","view","1533","A"
"2023","TVOD","all","oot","fic","film","3272","A"
"2023","TVOD","all","oot","fic","view","118871","A"
"2023","TVOD","all","ous","all","film","12756","A"
"2023","TVOD","all","ous","all","view","3160868","A"
"2023","TVOD","all","ous","ani","film","606","A"
"2023","TVOD","all","ous","ani","view","409328","A"
"2023","TVOD","all","ous","doc","film","659","A"
"2023","TVOD","all","ous","doc","view","11595","A"
"2023","TVOD","all","ous","fic","film","11491","A"
"2023","TVOD","all","ous","fic","view","2739945","A"
"2023","TVOD","cin","all","all","film","9678","A"
"2023","TVOD","cin","all","all","view","3581033","A"
"2023","TVOD","cin","all","ani","film","513","A"
"2023","TVOD","cin","all","ani","view","432665","A"
"2023","TVOD","cin","all","doc","film","851","A"
"2023","TVOD","cin","all","doc","view","26030","A"
"2023","TVOD","cin","all","fic","film","8314","A"
"2023","TVOD","cin","all","fic","view","3122338","A"
"2023","TVOD","cin","och","all","film","641","A"
"2023","TVOD","cin","och","all","view","48971","A"
"2023","TVOD","cin","och","ani","film","3","A"
"2023","TVOD","cin","och","ani","view","201","A"
"2023","TVOD","cin","och","doc","film","352","A"
"2023","TVOD","cin","och","doc","view","7561","A"
"2023","TVOD","cin","och","fic","film","286","A"
"2023","TVOD","cin","och","fic","view","41209","A"
"2023","TVOD","cin","oep","all","film","4288","A"
"2023","TVOD","cin","oep","all","view","818132","A"
"2023","TVOD","cin","oep","ani","film","205","A"
"2023","TVOD","cin","oep","ani","view","49474","A"
"2023","TVOD","cin","oep","doc","film","356","A"
"2023","TVOD","cin","oep","doc","view","9937","A"
"2023","TVOD","cin","oep","fic","film","3727","A"
"2023","TVOD","cin","oep","fic","view","758721","A"
"2023","TVOD","cin","oot","all","film","765","A"
"2023","TVOD","cin","oot","all","view","59054","A"
"2023","TVOD","cin","oot","ani","film","42","A"
"2023","TVOD","cin","oot","ani","view","11546","A"
"2023","TVOD","cin","oot","doc","film","34","A"
"2023","TVOD","cin","oot","doc","view","530","A"
"2023","TVOD","cin","oot","fic","film","689","A"
"2023","TVOD","cin","oot","fic","view","46978","A"
"2023","TVOD","cin","ous","all","film","3984","A"
"2023","TVOD","cin","ous","all","view","2654876","A"
"2023","TVOD","cin","ous","ani","film","263","A"
"2023","TVOD","cin","ous","ani","view","371444","A"
"2023","TVOD","cin","ous","doc","film","109","A"
"2023","TVOD","cin","ous","doc","view","8002","A"
"2023","TVOD","cin","ous","fic","film","3612","A"
"2023","TVOD","cin","ous","fic","view","2275430","A"
"2024","EST","all","all","all","film","27729","A"
"2024","EST","all","all","all","view","919719","A"
"2024","EST","all","all","ani","film","1208","A"
"2024","EST","all","all","ani","view","121595","A"
"2024","EST","all","all","doc","film","2129","A"
"2024","EST","all","all","doc","view","8484","A"
"2024","EST","all","all","fic","film","24392","A"
"2024","EST","all","all","fic","view","789640","A"
"2024","EST","all","och","all","film","605","A"
"2024","EST","all","och","all","view","11495","A"
"2024","EST","all","och","ani","film","3","A"
"2024","EST","all","och","ani","view","34","A"
"2024","EST","all","och","doc","film","229","A"
"2024","EST","all","och","doc","view","1452","A"
"2024","EST","all","och","fic","film","373","A"
"2024","EST","all","och","fic","view","10009","A"
"2024","EST","all","oep","all","film","11403","A"
"2024","EST","all","oep","all","view","149142","A"
"2024","EST","all","oep","ani","film","345","A"
"2024","EST","all","oep","ani","view","8635","A"
"2024","EST","all","oep","doc","film","1109","A"
"2024","EST","all","oep","doc","view","3233","A"
"2024","EST","all","oep","fic","film","9949","A"
"2024","EST","all","oep","fic","view","137274","A"
"2024","EST","all","oot","all","film","3285","A"
"2024","EST","all","oot","all","view","41865","A"
"2024","EST","all","oot","ani","film","249","A"
"2024","EST","all","oot","ani","view","2804","A"
"2024","EST","all","oot","doc","film","160","A"
"2024","EST","all","oot","doc","view","448","A"
"2024","EST","all","oot","fic","film","2876","A"
"2024","EST","all","oot","fic","view","38613","A"
"2024","EST","all","ous","all","film","12436","A"
"2024","EST","all","ous","all","view","717217","A"
"2024","EST","all","ous","ani","film","611","A"
"2024","EST","all","ous","ani","view","110122","A"
"2024","EST","all","ous","doc","film","631","A"
"2024","EST","all","ous","doc","view","3351","A"
"2024","EST","all","ous","fic","film","11194","A"
"2024","EST","all","ous","fic","view","603744","A"
"2024","EST","cin","all","all","film","9006","A"
"2024","EST","cin","all","all","view","785244","A"
"2024","EST","cin","all","ani","film","530","A"
"2024","EST","cin","all","ani","view","111130","A"
"2024","EST","cin","all","doc","film","640","A"
"2024","EST","cin","all","doc","view","5391","A"
"2024","EST","cin","all","fic","film","7836","A"
"2024","EST","cin","all","fic","view","668723","A"
"2024","EST","cin","och","all","film","477","A"
"2024","EST","cin","och","all","view","10997","A"
"2024","EST","cin","och","ani","film","3","A"
"2024","EST","cin","och","ani","view","34","A"
"2024","EST","cin","och","doc","film","214","A"
"2024","EST","cin","och","doc","view","1367","A"
"2024","EST","cin","och","fic","film","260","A"
"2024","EST","cin","och","fic","view","9596","A"
"2024","EST","cin","oep","all","film","4050","A"
"2024","EST","cin","oep","all","view","117386","A"
"2024","EST","cin","oep","ani","film","206","A"
"2024","EST","cin","oep","ani","view","7698","A"
"2024","EST","cin","oep","doc","film","303","A"
"2024","EST","cin","oep","doc","view","1851","A"
"2024","EST","cin","oep","fic","film","3541","A"
"2024","EST","cin","oep","fic","view","107837","A"
"2024","EST","cin","oot","all","film","470","A"
"2024","EST","cin","oot","all","view","27058","A"
"2024","EST","cin","oot","ani","film","49","A"
"2024","EST","cin","oot","ani","view","1635","A"
"2024","EST","cin","oot","doc","film","17","A"
"2024","EST","cin","oot","doc","view","46","A"
"2024","EST","cin","oot","fic","film","404","A"
"2024","EST","cin","oot","fic","view","25377","A"
"2024","EST","cin","ous","all","film","4009","A"
"2024","EST","cin","ous","all","view","629803","A"
"2024","EST","cin","ous","ani","film","272","A"
"2024","EST","cin","ous","ani","view","101763","A"
"2024","EST","cin","ous","doc","film","106","A"
"2024","EST","cin","ous","doc","view","2127","A"
"2024","EST","cin","ous","fic","film","3631","A"
"2024","EST","cin","ous","fic","view","525913","A"
"2024","SVOD","all","all","all","film","20057","A"
"2024","SVOD","all","all","all","view",".","D"
"2024","SVOD","all","all","ani","film","856","A"
"2024","SVOD","all","all","ani","view",".","D"
"2024","SVOD","all","all","doc","film","2213","A"
"2024","SVOD","all","all","doc","view",".","D"
"2024","SVOD","all","all","fic","film","16988","A"
"2024","SVOD","all","all","fic","view",".","D"
"2024","SVOD","all","och","all","film","751","A"
"2024","SVOD","all","och","all","view",".","D"
"2024","SVOD","all","och","ani","film","4","A"
"2024","SVOD","all","och","ani","view",".","D"
"2024","SVOD","all","och","doc","film","398","A"
"2024","SVOD","all","och","doc","view",".","D"
"2024","SVOD","all","och","fic","film","349","A"
"2024","SVOD","all","och","fic","view",".","D"
"2024","SVOD","all","oep","all","film","7290","A"
"2024","SVOD","all","oep","all","view",".","D"
"2024","SVOD","all","oep","ani","film","228","A"
"2024","SVOD","all","oep","ani","view",".","D"
"2024","SVOD","all","oep","doc","film","953","A"
"2024","SVOD","all","oep","doc","view",".","D"
"2024","SVOD","all","oep","fic","film","6109","A"
"2024","SVOD","all","oep","fic","view",".","D"
"2024","SVOD","all","oot","all","film","4021","A"
"2024","SVOD","all","oot","all","view",".","D"
"2024","SVOD","all","oot","ani","film","222","A"
"2024","SVOD","all","oot","ani","view",".","D"
"2024","SVOD","all","oot","doc","film","224","A"
"2024","SVOD","all","oot","doc","view",".","D"
"2024","SVOD","all","oot","fic","film","3575","A"
"2024","SVOD","all","oot","fic","view",".","D"
"2024","SVOD","all","ous","all","film","7995","A"
"2024","SVOD","all","ous","all","view",".","D"
"2024","SVOD","all","ous","ani","film","402","A"
"2024","SVOD","all","ous","ani","view",".","D"
"2024","SVOD","all","ous","doc","film","638","A"
"2024","SVOD","all","ous","doc","view",".","D"
"2024","SVOD","all","ous","fic","film","6955","A"
"2024","SVOD","all","ous","fic","view",".","D"
"2024","SVOD","cin","all","all","film","6061","A"
"2024","SVOD","cin","all","all","view",".","D"
"2024","SVOD","cin","all","ani","film","402","A"
"2024","SVOD","cin","all","ani","view",".","D"
"2024","SVOD","cin","all","doc","film","643","A"
"2024","SVOD","cin","all","doc","view",".","D"
"2024","SVOD","cin","all","fic","film","5016","A"
"2024","SVOD","cin","all","fic","view",".","D"
"2024","SVOD","cin","och","all","film","668","A"
"2024","SVOD","cin","och","all","view",".","D"
"2024","SVOD","cin","och","ani","film","3","A"
"2024","SVOD","cin","och","ani","view",".","D"
"2024","SVOD","cin","och","doc","film","370","A"
"2024","SVOD","cin","och","doc","view",".","D"
"2024","SVOD","cin","och","fic","film","295","A"
"2024","SVOD","cin","och","fic","view",".","D"
"2024","SVOD","cin","oep","all","film","2075","A"
"2024","SVOD","cin","oep","all","view",".","D"
"2024","SVOD","cin","oep","ani","film","117","A"
"2024","SVOD","cin","oep","ani","view",".","D"
"2024","SVOD","cin","oep","doc","film","177","A"
"2024","SVOD","cin","oep","doc","view",".","D"
"2024","SVOD","cin","oep","fic","film","1781","A"
"2024","SVOD","cin","oep","fic","view",".","D"
"2024","SVOD","cin","oot","all","film","620","A"
"2024","SVOD","cin","oot","all","view",".","D"
"2024","SVOD","cin","oot","ani","film","54","A"
"2024","SVOD","cin","oot","ani","view",".","D"
"2024","SVOD","cin","oot","doc","film","26","A"
"2024","SVOD","cin","oot","doc","view",".","D"
"2024","SVOD","cin","oot","fic","film","540","A"
"2024","SVOD","cin","oot","fic","view",".","D"
"2024","SVOD","cin","ous","all","film","2698","A"
"2024","SVOD","cin","ous","all","view",".","D"
"2024","SVOD","cin","ous","ani","film","228","A"
"2024","SVOD","cin","ous","ani","view",".","D"
"2024","SVOD","cin","ous","doc","film","70","A"
"2024","SVOD","cin","ous","doc","view",".","D"
"2024","SVOD","cin","ous","fic","film","2400","A"
"2024","SVOD","cin","ous","fic","view",".","D"
"2024","TVOD","all","all","all","film","28686","A"
"2024","TVOD","all","all","all","view","4007624","A"
"2024","TVOD","all","all","ani","film","1206","A"
"2024","TVOD","all","all","ani","view","488020","A"
"2024","TVOD","all","all","doc","film","2374","A"
"2024","TVOD","all","all","doc","view","35181","A"
"2024","TVOD","all","all","fic","film","25106","A"
"2024","TVOD","all","all","fic","view","3484423","A"
"2024","TVOD","all","och","all","film","818","A"
"2024","TVOD","all","och","all","view","63780","A"
"2024","TVOD","all","och","ani","film","6","A"
"2024","TVOD","all","och","ani","view","223","A"
"2024","TVOD","all","och","doc","film","390","A"
"2024","TVOD","all","och","doc","view","10681","A"
"2024","TVOD","all","och","fic","film","422","A"
"2024","TVOD","all","och","fic","view","52876","A"
"2024","TVOD","all","oep","all","film","11770","A"
"2024","TVOD","all","oep","all","view","917707","A"
"2024","TVOD","all","oep","ani","film","346","A"
"2024","TVOD","all","oep","ani","view","36833","A"
"2024","TVOD","all","oep","doc","film","1175","A"
"2024","TVOD","all","oep","doc","view","13830","A"
"2024","TVOD","all","oep","fic","film","10249","A"
"2024","TVOD","all","oep","fic","view","867044","A"
"2024","TVOD","all","oot","all","film","3634","A"
"2024","TVOD","all","oot","all","view","141735","A"
"2024","TVOD","all","oot","ani","film","249","A"
"2024","TVOD","all","oot","ani","view","10617","A"
"2024","TVOD","all","oot","doc","film","184","A"
"2024","TVOD","all","oot","doc","view","1198","A"
"2024","TVOD","all","oot","fic","film","3201","A"
"2024","TVOD","all","oot","fic","view","129920","A"
"2024","TVOD","all","ous","all","film","12464","A"
"2024","TVOD","all","ous","all","view","2884402","A"
"2024","TVOD","all","ous","ani","film","605","A"
"2024","TVOD","all","ous","ani","view","440347","A"
"2024","TVOD","all","ous","doc","film","625","A"
"2024","TVOD","all","ous","doc","view","9472","A"
"2024","TVOD","all","ous","fic","film","11234","A"
"2024","TVOD","all","ous","fic","view","2434583","A"
"2024","TVOD","cin","all","all","film","9882","A"
"2024","TVOD","cin","all","all","view","3413708","A"
"2024","TVOD","cin","all","ani","film","536","A"
"2024","TVOD","cin","all","ani","view","456205","A"
"2024","TVOD","cin","all","doc","film","890","A"
"2024","TVOD","cin","all","doc","view","26764","A"
"2024","TVOD","cin","all","fic","film","8456","A"
"2024","TVOD","cin","all","fic","view","2930739","A"
"2024","TVOD","cin","och","all","film","683","A"
"2024","TVOD","cin","och","all","view","62395","A"
"2024","TVOD","cin","och","ani","film","4","A"
"2024","TVOD","cin","och","ani","view","212","A"
"2024","TVOD","cin","och","doc","film","374","A"
"2024","TVOD","cin","och","doc","view","10337","A"
"2024","TVOD","cin","och","fic","film","305","A"
"2024","TVOD","cin","och","fic","view","51846","A"
"2024","TVOD","cin","oep","all","film","4396","A"
"2024","TVOD","cin","oep","all","view","776461","A"
"2024","TVOD","cin","oep","ani","film","208","A"
"2024","TVOD","cin","oep","ani","view","33554","A"
"2024","TVOD","cin","oep","doc","film","368","A"
"2024","TVOD","cin","oep","doc","view","9587","A"
"2024","TVOD","cin","oep","fic","film","3820","A"
"2024","TVOD","cin","oep","fic","view","733320","A"
"2024","TVOD","cin","oot","all","film","782","A"
"2024","TVOD","cin","oot","all","view","68636","A"
"2024","TVOD","cin","oot","ani","film","52","A"
"2024","TVOD","cin","oot","ani","view","5689","A"
"2024","TVOD","cin","oot","doc","film","35","A"
"2024","TVOD","cin","oot","doc","view","347","A"
"2024","TVOD","cin","oot","fic","film","695","A"
"2024","TVOD","cin","oot","fic","view","62600","A"
"2024","TVOD","cin","ous","all","film","4021","A"
"2024","TVOD","cin","ous","all","view","2506216","A"
"2024","TVOD","cin","ous","ani","film","272","A"
"2024","TVOD","cin","ous","ani","view","416750","A"
"2024","TVOD","cin","ous","doc","film","113","A"
"2024","TVOD","cin","ous","doc","view","6493","A"
"2024","TVOD","cin","ous","fic","film","3636","A"
"2024","TVOD","cin","ous","fic","view","2082973","A"
